{
    "metrics": {
        "data_sent": {
            "rate": 129661.71404948861,
            "count": 15571095
        },
        "data_received": {
            "count": 642072730,
            "rate": 5346589.351374101
        },
        "checks": {
            "passes": 94609,
            "fails": 201,
            "value": 0.9978799704672503
        },
        "http_reqs": {
            "rate": 789.4902130538677,
            "count": 94810
        },
        "http_req_duration{expected_response:true}": {
            "max": 360.031189,
            "p(90)": 62.400833399999996,
            "p(95)": 78.83274399999996,
            "avg": 30.354088906995777,
            "min": 0.694379,
            "med": 23.153684
        },
        "http_req_failed": {
            "passes": 201,
            "fails": 94609,
            "value": 0.00212002953274971
        },
        "iteration_duration": {
            "p(90)": 113.2602856,
            "p(95)": 129.78821670000002,
            "avg": 81.0075922119182,
            "min": 50.300546,
            "med": 73.79819649999999,
            "max": 445.022525
        },
        "http_req_blocked": {
            "avg": 0.007459674485813652,
            "min": 0,
            "med": 0.003928,
            "max": 36.095041,
            "p(90)": 0.005841,
            "p(95)": 0.006793
        },
        "http_req_waiting": {
            "avg": 30.18935830054862,
            "min": 0,
            "med": 22.995967,
            "max": 359.889543,
            "p(90)": 62.23070610000002,
            "p(95)": 78.64750305
        },
        "http_req_receiving": {
            "avg": 0.08455114040712972,
            "min": 0,
            "med": 0.073433,
            "max": 11.193809,
            "p(90)": 0.12458340000000002,
            "p(95)": 0.152627
        },
        "vus": {
            "value": 64,
            "min": 64,
            "max": 64
        },
        "http_req_duration": {
            "med": 23.099825000000003,
            "max": 360.031189,
            "p(90)": 62.357252300000006,
            "p(95)": 78.7926812,
            "avg": 30.29436895568995,
            "min": 0,
            "thresholds": {
                "p(95)<1000": false
            }
        },
        "http_req_tls_handshaking": {
            "avg": 0,
            "min": 0,
            "med": 0,
            "max": 0,
            "p(90)": 0,
            "p(95)": 0
        },
        "http_req_sending": {
            "avg": 0.02045951473473246,
            "min": 0,
            "med": 0.014568,
            "max": 4.787577,
            "p(90)": 0.034387,
            "p(95)": 0.047372
        },
        "vus_max": {
            "min": 64,
            "max": 64,
            "value": 64
        },
        "iterations": {
            "count": 94810,
            "rate": 789.4902130538677
        },
        "http_req_connecting": {
            "max": 36.042198,
            "p(90)": 0,
            "p(95)": 0,
            "avg": 0.0026605171500896528,
            "min": 0,
            "med": 0
        }
    },
    "root_group": {
        "checks": {
            "GET /events -> 200": {
                "path": "::GET /events -> 200",
                "id": "a07abccc50af19d90a5ac770e75e9922",
                "passes": 66333,
                "fails": 147,
                "name": "GET /events -> 200"
            },
            "POST /ingest -> 201": {
                "name": "POST /ingest -> 201",
                "path": "::POST /ingest -> 201",
                "id": "3b95b7e65ed8b7e1da4c5bf462f09f69",
                "passes": 28276,
                "fails": 54
            }
        },
        "name": "",
        "path": "",
        "id": "d41d8cd98f00b204e9800998ecf8427e",
        "groups": {}
    }
}