{
    "root_group": {
        "groups": {},
        "checks": {
                "GET /events -> 200": {
                    "passes": 74987,
                    "fails": 0,
                    "name": "GET /events -> 200",
                    "path": "::GET /events -> 200",
                    "id": "a07abccc50af19d90a5ac770e75e9922"
                },
                "POST /ingest -> 201": {
                    "id": "3b95b7e65ed8b7e1da4c5bf462f09f69",
                    "passes": 32099,
                    "fails": 0,
                    "name": "POST /ingest -> 201",
                    "path": "::POST /ingest -> 201"
                }
            },
        "name": "",
        "path": "",
        "id": "d41d8cd98f00b204e9800998ecf8427e"
    },
    "metrics": {
        "data_sent": {
            "count": 17631190,
            "rate": 146826.5628004948
        },
        "http_req_failed": {
            "passes": 0,
            "fails": 107086,
            "value": 0
        },
        "http_req_duration{expected_response:true}": {
            "avg": 21.101302149104416,
            "min": 0.593145,
            "med": 15.326821500000001,
            "max": 398.645594,
            "p(90)": 45.049825999999996,
            "p(95)": 56.250697
        },
        "http_req_tls_handshaking": {
            "min": 0,
            "med": 0,
            "max": 0,
            "p(90)": 0,
            "p(95)": 0,
            "avg": 0
        },
        "http_req_blocked": {
            "max": 100.510184,
            "p(90)": 0.00479,
            "p(95)": 0.00555,
            "avg": 0.011231141456400657,
            "min": 0.001263,
            "med": 0.003437
        },
        "http_req_duration": {
            "min": 0.593145,
            "med": 15.326821500000001,
            "max": 398.645594,
            "p(90)": 45.049825999999996,
            "p(95)": 56.250697,
            "avg": 21.101302149104416,
            "thresholds": {
                "p(95)<1000": false
            }
        },
        "http_req_receiving": {
            "max": 17.148884,
            "p(90)": 0.113275,
            "p(95)": 0.137423,
            "avg": 0.07456015002894852,
            "min": -2.304113,
            "med": 0.065806
        },
        "checks": {
            "passes": 107086,
            "fails": 0,
            "value": 1
        },
        "http_req_waiting": {
            "avg": 21.009814048979543,
            "min": 0.566731,
            "med": 15.237858,
            "max": 398.581587,
            "p(90)": 44.9445405,
            "p(95)": 56.143527
        },
        "iteration_duration": {
            "med": 65.90887749999999,
            "max": 549.334269,
            "p(90)": 95.810254,
            "p(95)": 107.11714574999999,
            "avg": 71.72361421327696,
            "min": 50.778633
        },
        "iterations": {
            "count": 107086,
            "rate": 891.7758417925157
        },
        "vus_max": {
            "max": 64,
            "value": 64,
            "min": 64
        },
        "http_req_connecting": {
            "med": 0,
            "max": 98.380477,
            "p(90)": 0,
            "p(95)": 0,
            "avg": 0.006517187998431168,
            "min": 0
        },
        "http_req_sending": {
            "p(95)": 0.04176275,
            "avg": 0.0169279500961843,
            "min": 0.004488,
            "med": 0.012443,
            "max": 23.664826,
            "p(90)": 0.0277755
        },
        "http_reqs": {
            "count": 107086,
            "rate": 891.7758417925157
        },
        "vus": {
            "value": 64,
            "min": 64,
            "max": 64
        },
        "data_received": {
            "count": 726126233,
            "rate": 6046932.677298652
        }
    }
}