{
    "root_group": {
        "name": "",
        "path": "",
        "id": "d41d8cd98f00b204e9800998ecf8427e",
        "groups": {},
        "checks": {
                "200": {
                    "id": "4230b0c1b1cb609da348fcf04ffd96f4",
                    "passes": 49667,
                    "fails": 0,
                    "name": "200",
                    "path": "::200"
                },
                "201": {
                    "name": "201",
                    "path": "::201",
                    "id": "69bd8e107d6c0f51015fe6aa7d1546ff",
                    "passes": 21211,
                    "fails": 0
                }
            }
    },
    "metrics": {
        "iteration_duration": {
            "min": 51.227462,
            "med": 53.136469500000004,
            "max": 325.088401,
            "p(90)": 55.6779474,
            "p(95)": 57.426072749999996,
            "avg": 54.16172523438849
        },
        "vus": {
            "max": 32,
            "value": 32,
            "min": 32
        },
        "http_reqs": {
            "rate": 590.4164039785878,
            "count": 70878
        },
        "http_req_duration{expected_response:true}": {
            "max": 271.891182,
            "p(90)": 5.040473000000001,
            "p(95)": 6.7791404999999845,
            "avg": 3.5565960039081657,
            "min": 0.650825,
            "med": 2.501455
        },
        "data_sent": {
            "count": 10308723,
            "rate": 85872.05004756567
        },
        "vus_max": {
            "value": 32,
            "min": 32,
            "max": 32
        },
        "http_req_failed": {
            "passes": 0,
            "fails": 70878,
            "value": 0
        },
        "http_req_sending": {
            "p(95)": 0.051272349999999946,
            "avg": 0.01999896920059811,
            "min": 0.00508,
            "med": 0.014648,
            "max": 2.830242,
            "p(90)": 0.04007170000000003
        },
        "http_req_receiving": {
            "avg": 0.08430586437258404,
            "min": 0.012575,
            "med": 0.079184,
            "max": 13.230577,
            "p(90)": 0.12816210000000003,
            "p(95)": 0.14900684999999977
        },
        "http_req_duration": {
            "p(95)": 6.7791404999999845,
            "avg": 3.5565960039081657,
            "min": 0.650825,
            "med": 2.501455,
            "max": 271.891182,
            "p(90)": 5.040473000000001,
            "thresholds": {
                "p(95)<1000": false
            }
        },
        "checks": {
            "fails": 0,
            "passes": 70878,
            "value": 1
        },
        "data_received": {
            "count": 665041237,
            "rate": 5539818.500056601
        },
        "http_req_blocked": {
            "max": 3.531172,
            "p(90)": 0.005681,
            "p(95)": 0.006503,
            "avg": 0.0054249246310562145,
            "min": 0.001142,
            "med": 0.003827
        },
        "http_req_tls_handshaking": {
            "avg": 0,
            "min": 0,
            "med": 0,
            "max": 0,
            "p(90)": 0,
            "p(95)": 0
        },
        "http_req_waiting": {
            "min": 0.584417,
            "med": 2.39498,
            "max": 271.262377,
            "p(90)": 4.935353800000001,
            "p(95)": 6.673009599999992,
            "avg": 3.4522911703350045
        },
        "iterations": {
            "count": 70878,
            "rate": 590.4164039785878
        },
        "http_req_connecting": {
            "max": 2.752547,
            "p(90)": 0,
            "p(95)": 0,
            "avg": 0.0006734232201811561,
            "min": 0,
            "med": 0
        }
    }
}