{
    "metrics": {
        "http_req_blocked": {
            "med": 0.003477,
            "max": 101.495853,
            "p(90)": 0.005391,
            "p(95)": 0.006493,
            "avg": 0.028524369222956644,
            "min": 0.001152
        },
        "data_received": {
            "count": 214683704,
            "rate": 7143759.655389066
        },
        "http_req_failed": {
            "passes": 0,
            "fails": 31504,
            "value": 0
        },
        "data_sent": {
            "count": 5189863,
            "rate": 172696.54484998295
        },
        "vus": {
            "min": 64,
            "max": 64,
            "value": 64
        },
        "http_req_duration{expected_response:true}": {
            "p(95)": 30.071590149999984,
            "avg": 10.423802450228584,
            "min": 0.626765,
            "med": 6.600987,
            "max": 395.763362,
            "p(90)": 23.082358800000005
        },
        "iteration_duration": {
            "med": 57.134015500000004,
            "max": 540.238293,
            "p(90)": 73.6174884,
            "p(95)": 80.6602544,
            "avg": 60.979484195340774,
            "min": 50.856483
        },
        "http_req_sending": {
            "avg": 0.016793841226510998,
            "min": 0.004659,
            "med": 0.012194,
            "max": 4.440914,
            "p(90)": 0.03050600000000001,
            "p(95)": 0.047933
        },
        "http_req_tls_handshaking": {
            "avg": 0,
            "min": 0,
            "med": 0,
            "max": 0,
            "p(90)": 0,
            "p(95)": 0
        },
        "http_req_waiting": {
            "avg": 10.331084517235839,
            "min": 0.561449,
            "med": 6.5137935,
            "max": 395.629631,
            "p(90)": 22.975113600000004,
            "p(95)": 29.950796099999984
        },
        "http_reqs": {
            "count": 31504,
            "rate": 1048.3189920338673
        },
        "http_req_connecting": {
            "max": 100.161281,
            "p(90)": 0,
            "p(95)": 0,
            "avg": 0.022564488858557642,
            "min": 0,
            "med": 0
        },
        "iterations": {
            "count": 31504,
            "rate": 1048.3189920338673
        },
        "http_req_receiving": {
            "avg": 0.0759240917661248,
            "min": 0.011923,
            "med": 0.0683425,
            "max": 4.395045,
            "p(90)": 0.11870150000000002,
            "p(95)": 0.14289475
        },
        "checks": {
            "fails": 0,
            "passes": 31504,
            "value": 1
        },
        "http_req_duration": {
            "avg": 10.423802450228584,
            "min": 0.626765,
            "med": 6.600987,
            "max": 395.763362,
            "p(90)": 23.082358800000005,
            "p(95)": 30.071590149999984,
            "thresholds": {
                "p(95)<1000": false
            }
        },
        "vus_max": {
            "value": 64,
            "min": 64,
            "max": 64
        }
    },
    "root_group": {
        "path": "",
        "id": "d41d8cd98f00b204e9800998ecf8427e",
        "groups": {},
        "checks": {
                "GET /events -> 200": {
                    "path": "::GET /events -> 200",
                    "id": "a07abccc50af19d90a5ac770e75e9922",
                    "passes": 22029,
                    "fails": 0,
                    "name": "GET /events -> 200"
                },
                "POST /ingest -> 201": {
                    "name": "POST /ingest -> 201",
                    "path": "::POST /ingest -> 201",
                    "id": "3b95b7e65ed8b7e1da4c5bf462f09f69",
                    "passes": 9475,
                    "fails": 0
                }
            },
        "name": ""
    }
}