{
    "metrics": {
        "http_req_waiting": {
            "med": 10.940635499999999,
            "max": 443.406484,
            "p(90)": 30.96623,
            "p(95)": 39.49205624999999,
            "avg": 15.031091193131324,
            "min": 0.55329
        },
        "http_req_receiving": {
            "avg": 0.08137079144147236,
            "min": 0.012834,
            "med": 0.07323650000000001,
            "max": 9.220833,
            "p(90)": 0.12414560000000001,
            "p(95)": 0.14781099999999997
        },
        "http_req_duration{expected_response:true}": {
            "p(95)": 39.5740364,
            "avg": 15.120943416458513,
            "min": 0.576153,
            "med": 11.041341,
            "max": 443.481375,
            "p(90)": 31.052561800000007
        },
        "http_req_connecting": {
            "p(95)": 0,
            "avg": 0.029683574433878358,
            "min": 0,
            "med": 0,
            "max": 121.868147,
            "p(90)": 0
        },
        "http_req_tls_handshaking": {
            "max": 0,
            "p(90)": 0,
            "p(95)": 0,
            "avg": 0,
            "min": 0,
            "med": 0
        },
        "iteration_duration": {
            "min": 50.724279,
            "med": 61.5811935,
            "max": 607.973246,
            "p(90)": 81.6888129,
            "p(95)": 90.10893965,
            "avg": 65.72218529725652
        },
        "vus": {
            "max": 64,
            "value": 64,
            "min": 64
        },
        "http_reqs": {
            "count": 29234,
            "rate": 972.5134486775387
        },
        "http_req_sending": {
            "avg": 0.018134635527126044,
            "min": 0.004889,
            "med": 0.013165,
            "max": 0.995775,
            "p(90)": 0.0349367,
            "p(95)": 0.049738799999999986
        },
        "http_req_blocked": {
            "avg": 0.037531316036122746,
            "min": 0.001213,
            "med": 0.003657,
            "max": 124.179299,
            "p(90)": 0.005601,
            "p(95)": 0.006646799999999988
        },
        "checks": {
            "fails": 9,
            "passes": 29225,
            "value": 0.999692139289868
        },
        "http_req_failed": {
            "fails": 29225,
            "passes": 9,
            "value": 0.00030786071013203805
        },
        "vus_max": {
            "value": 64,
            "min": 64,
            "max": 64
        },
        "http_req_duration": {
            "med": 11.0474085,
            "max": 443.481375,
            "p(90)": 31.102258700000004,
            "p(95)": 39.6277088,
            "avg": 15.130596620099885,
            "min": 0.576153,
            "thresholds": {
                "p(95)<1000": false
            }
        },
        "data_sent": {
            "count": 4816990,
            "rate": 160244.4946687151
        },
        "iterations": {
            "count": 29234,
            "rate": 972.5134486775387
        },
        "data_received": {
            "count": 194958960,
            "rate": 6485606.16200952
        }
    },
    "root_group": {
        "groups": {},
        "checks": {
                "GET /events -> 200": {
                    "name": "GET /events -> 200",
                    "path": "::GET /events -> 200",
                    "id": "a07abccc50af19d90a5ac770e75e9922",
                    "passes": 20423,
                    "fails": 6
                },
                "POST /ingest -> 201": {
                    "name": "POST /ingest -> 201",
                    "path": "::POST /ingest -> 201",
                    "id": "3b95b7e65ed8b7e1da4c5bf462f09f69",
                    "passes": 8802,
                    "fails": 3
                }
            },
        "name": "",
        "path": "",
        "id": "d41d8cd98f00b204e9800998ecf8427e"
    }
}