{
    "root_group": {
        "name": "",
        "path": "",
        "id": "d41d8cd98f00b204e9800998ecf8427e",
        "groups": {},
        "checks": {
                "GET /events -> 200": {
                    "name": "GET /events -> 200",
                    "path": "::GET /events -> 200",
                    "id": "a07abccc50af19d90a5ac770e75e9922",
                    "passes": 12115,
                    "fails": 0
                },
                "POST /ingest -> 201": {
                    "passes": 5372,
                    "fails": 0,
                    "name": "POST /ingest -> 201",
                    "path": "::POST /ingest -> 201",
                    "id": "3b95b7e65ed8b7e1da4c5bf462f09f69"
                }
            }
    },
    "metrics": {
        "http_req_sending": {
            "avg": 0.01954122942757469,
            "min": 0.0053,
            "med": 0.013587,
            "max": 1.78679,
            "p(90)": 0.036341,
            "p(95)": 0.049643700000000006
        },
        "http_req_connecting": {
            "min": 0,
            "med": 0,
            "max": 0.874755,
            "p(90)": 0,
            "p(95)": 0,
            "avg": 0.0010710130954423285
        },
        "data_sent": {
            "count": 2890765,
            "rate": 96178.09091886085
        },
        "http_reqs": {
            "count": 17487,
            "rate": 581.806641459309
        },
        "iteration_duration": {
            "min": 50.883832,
            "med": 53.169435,
            "max": 574.289505,
            "p(90)": 56.8557014,
            "p(95)": 60.8360438,
            "avg": 54.93224719345793
        },
        "data_received": {
            "count": 118097685,
            "rate": 3929205.5512077212
        },
        "http_req_receiving": {
            "min": 0.011913,
            "med": 0.074364,
            "max": 13.180216,
            "p(90)": 0.1215164,
            "p(95)": 0.1417224,
            "avg": 0.08350923011379874
        },
        "http_req_tls_handshaking": {
            "avg": 0,
            "min": 0,
            "med": 0,
            "max": 0,
            "p(90)": 0,
            "p(95)": 0
        },
        "http_req_waiting": {
            "avg": 4.1971348458283115,
            "min": 0.644168,
            "med": 2.41349,
            "max": 521.328754,
            "p(90)": 5.974902999999999,
            "p(95)": 9.783891100000021
        },
        "vus_max": {
            "value": 32,
            "min": 32,
            "max": 32
        },
        "http_req_duration{expected_response:true}": {
            "avg": 4.300185305369712,
            "min": 0.713292,
            "med": 2.508692,
            "max": 521.934416,
            "p(90)": 6.0969514,
            "p(95)": 9.971165900000003
        },
        "checks": {
            "passes": 17487,
            "fails": 0,
            "value": 1
        },
        "http_req_duration": {
            "med": 2.508692,
            "max": 521.934416,
            "p(90)": 6.0969514,
            "p(95)": 9.971165900000003,
            "avg": 4.300185305369712,
            "min": 0.713292,
            "thresholds": {
                "p(95)<1000": false
            }
        },
        "vus": {
            "max": 32,
            "value": 32,
            "min": 32
        },
        "iterations": {
            "count": 17487,
            "rate": 581.806641459309
        },
        "http_req_blocked": {
            "avg": 0.008362192657402694,
            "min": 0.001503,
            "med": 0.003767,
            "max": 2.554628,
            "p(90)": 0.005871,
            "p(95)": 0.006943
        },
        "http_req_failed": {
            "passes": 0,
            "fails": 17487,
            "value": 0
        }
    }
}