{
    "root_group": {
        "name": "",
        "path": "",
        "id": "d41d8cd98f00b204e9800998ecf8427e",
        "groups": {},
        "checks": {
                "GET /events -> 200": {
                    "name": "GET /events -> 200",
                    "path": "::GET /events -> 200",
                    "id": "a07abccc50af19d90a5ac770e75e9922",
                    "passes": 73227,
                    "fails": 0
                },
                "POST /ingest -> 201": {
                    "passes": 31427,
                    "fails": 0,
                    "name": "POST /ingest -> 201",
                    "path": "::POST /ingest -> 201",
                    "id": "3b95b7e65ed8b7e1da4c5bf462f09f69"
                }
            }
    },
    "metrics": {
        "vus_max": {
            "value": 64,
            "min": 64,
            "max": 64
        },
        "http_req_blocked": {
            "p(95)": 0.005851,
            "avg": 0.010183701788752584,
            "min": 0.001182,
            "med": 0.003537,
            "max": 71.555278,
            "p(90)": 0.00503
        },
        "data_sent": {
            "rate": 143495.1920547371,
            "count": 17235847
        },
        "http_req_failed": {
            "passes": 0,
            "fails": 104654,
            "value": 0
        },
        "http_reqs": {
            "count": 104654,
            "rate": 871.2856310047575
        },
        "iteration_duration": {
            "avg": 73.40425579189485,
            "min": 50.766776,
            "med": 66.350143,
            "max": 547.140179,
            "p(90)": 100.87505569999999,
            "p(95)": 116.17186689999998
        },
        "data_received": {
            "rate": 5905003.118132913,
            "count": 709276240
        },
        "iterations": {
            "count": 104654,
            "rate": 871.2856310047575
        },
        "http_req_duration": {
            "p(95)": 65.28408809999998,
            "avg": 22.768987205916833,
            "min": 0.613818,
            "med": 15.769593,
            "max": 425.784246,
            "p(90)": 50.083181499999995,
            "thresholds": {
                "p(95)<1000": false
            }
        },
        "http_req_tls_handshaking": {
            "med": 0,
            "max": 0,
            "p(90)": 0,
            "p(95)": 0,
            "avg": 0,
            "min": 0
        },
        "http_req_waiting": {
            "min": 0.567408,
            "med": 15.675207499999999,
            "max": 425.687697,
            "p(90)": 49.9758509,
            "p(95)": 65.17058549999999,
            "avg": 22.67399213202551
        },
        "http_req_receiving": {
            "avg": 0.07775431037514041,
            "min": 0.01059,
            "med": 0.067702,
            "max": 32.398289,
            "p(90)": 0.11567019999999999,
            "p(95)": 0.140825
        },
        "http_req_sending": {
            "min": 0.00477,
            "med": 0.012815,
            "max": 2.656968,
            "p(90)": 0.028807,
            "p(95)": 0.042175499999999914,
            "avg": 0.01724076351596689
        },
        "vus": {
            "value": 64,
            "min": 64,
            "max": 64
        },
        "http_req_duration{expected_response:true}": {
            "p(90)": 50.083181499999995,
            "p(95)": 65.28408809999998,
            "avg": 22.768987205916833,
            "min": 0.613818,
            "med": 15.769593,
            "max": 425.784246
        },
        "checks": {
            "passes": 104654,
            "fails": 0,
            "value": 1
        },
        "http_req_connecting": {
            "min": 0,
            "med": 0,
            "max": 69.045629,
            "p(90)": 0,
            "p(95)": 0,
            "avg": 0.004774035736808914
        }
    }
}