{
    "root_group": {
        "name": "",
        "path": "",
        "id": "d41d8cd98f00b204e9800998ecf8427e",
        "groups": {},
        "checks": {
                "GET /events -> 200": {
                    "name": "GET /events -> 200",
                    "path": "::GET /events -> 200",
                    "id": "a07abccc50af19d90a5ac770e75e9922",
                    "passes": 20244,
                    "fails": 7
                },
                "POST /ingest -> 201": {
                    "fails": 2,
                    "name": "POST /ingest -> 201",
                    "path": "::POST /ingest -> 201",
                    "id": "3b95b7e65ed8b7e1da4c5bf462f09f69",
                    "passes": 8751
                }
            }
    },
    "metrics": {
        "http_req_sending": {
            "p(90)": 0.03526230000000002,
            "p(95)": 0.050428,
            "avg": 0.018324262998207237,
            "min": 0.00494,
            "med": 0.013206,
            "max": 2.0363
        },
        "http_req_waiting": {
            "avg": 15.557060350262056,
            "min": 0.587261,
            "med": 11.294652,
            "max": 482.981553,
            "p(90)": 30.7567044,
            "p(95)": 39.63247829999999
        },
        "iterations": {
            "count": 29004,
            "rate": 964.9197496885629
        },
        "http_req_receiving": {
            "med": 0.0723905,
            "max": 11.671054,
            "p(90)": 0.1233057,
            "p(95)": 0.14774724999999997,
            "avg": 0.08130988156805928,
            "min": 0.012123
        },
        "http_req_connecting": {
            "p(95)": 0,
            "avg": 0.029292347434836573,
            "min": 0,
            "med": 0,
            "max": 120.12867,
            "p(90)": 0
        },
        "http_req_duration{expected_response:true}": {
            "med": 11.391647,
            "max": 483.06771,
            "p(90)": 30.848654600000035,
            "p(95)": 39.704458199999976,
            "avg": 15.648379600655327,
            "min": 0.617029
        },
        "data_sent": {
            "count": 4780597,
            "rate": 159043.3202524443
        },
        "checks": {
            "passes": 28995,
            "fails": 9,
            "value": 0.9996896979726935
        },
        "vus_max": {
            "value": 64,
            "min": 64,
            "max": 64
        },
        "http_reqs": {
            "count": 29004,
            "rate": 964.9197496885629
        },
        "data_received": {
            "count": 192645319,
            "rate": 6409021.962079484
        },
        "http_req_duration": {
            "min": 0.617029,
            "med": 11.3979745,
            "max": 483.06771,
            "p(90)": 30.875670200000002,
            "p(95)": 39.753217699999986,
            "avg": 15.656694494828345,
            "thresholds": {
                "p(95)<1000": false
            }
        },
        "vus": {
            "value": 64,
            "min": 64,
            "max": 64
        },
        "http_req_tls_handshaking": {
            "avg": 0,
            "min": 0,
            "med": 0,
            "max": 0,
            "p(90)": 0,
            "p(95)": 0
        },
        "http_req_failed": {
            "passes": 9,
            "fails": 28995,
            "value": 0.0003103020273065784
        },
        "iteration_duration": {
            "max": 604.579358,
            "p(90)": 81.51684940000001,
            "p(95)": 90.37548914999998,
            "avg": 66.23776267973359,
            "min": 50.816117,
            "med": 61.93685
        },
        "http_req_blocked": {
            "min": 0.001443,
            "med": 0.003637,
            "max": 121.680096,
            "p(90)": 0.005651,
            "p(95)": 0.006693,
            "avg": 0.03666343142325278
        }
    }
}