{
    "root_group": {
        "name": "",
        "path": "",
        "id": "d41d8cd98f00b204e9800998ecf8427e",
        "groups": {},
        "checks": {
                "GET /events -> 200": {
                    "name": "GET /events -> 200",
                    "path": "::GET /events -> 200",
                    "id": "a07abccc50af19d90a5ac770e75e9922",
                    "passes": 12374,
                    "fails": 0
                },
                "POST /ingest -> 201": {
                    "name": "POST /ingest -> 201",
                    "path": "::POST /ingest -> 201",
                    "id": "3b95b7e65ed8b7e1da4c5bf462f09f69",
                    "passes": 5308,
                    "fails": 0
                }
            }
    },
    "metrics": {
        "http_reqs": {
            "count": 17682,
            "rate": 588.4010129367563
        },
        "http_req_sending": {
            "avg": 0.019901182445424864,
            "min": 0.005311,
            "med": 0.013788,
            "max": 1.585047,
            "p(90)": 0.035859,
            "p(95)": 0.04982650000000001
        },
        "iterations": {
            "count": 17682,
            "rate": 588.4010129367563
        },
        "vus_max": {
            "value": 32,
            "min": 32,
            "max": 32
        },
        "iteration_duration": {
            "med": 53.171051500000004,
            "max": 296.567997,
            "p(90)": 56.7630103,
            "p(95)": 60.259565500000015,
            "avg": 54.321545722542915,
            "min": 50.92409
        },
        "http_req_connecting": {
            "med": 0,
            "max": 0.629148,
            "p(90)": 0,
            "p(95)": 0,
            "avg": 0.0005364956452889944,
            "min": 0
        },
        "http_req_duration{expected_response:true}": {
            "avg": 3.695502747200561,
            "min": 0.714096,
            "med": 2.5220655,
            "max": 243.940357,
            "p(90)": 6.076203299999999,
            "p(95)": 9.512929250000001
        },
        "http_req_blocked": {
            "max": 1.792213,
            "p(90)": 0.005541,
            "p(95)": 0.006493,
            "avg": 0.006646200656034401,
            "min": 0.001352,
            "med": 0.003597
        },
        "http_req_tls_handshaking": {
            "max": 0,
            "p(90)": 0,
            "p(95)": 0,
            "avg": 0,
            "min": 0,
            "med": 0
        },
        "http_req_duration": {
            "avg": 3.695502747200561,
            "min": 0.714096,
            "med": 2.5220655,
            "max": 243.940357,
            "p(90)": 6.076203299999999,
            "p(95)": 9.512929250000001,
            "thresholds": {
                "p(95)<1000": false
            }
        },
        "checks": {
            "passes": 17682,
            "fails": 0,
            "value": 1
        },
        "data_received": {
            "count": 120578944,
            "rate": 4012485.7362540667
        },
        "http_req_failed": {
            "passes": 0,
            "fails": 17682,
            "value": 0
        },
        "http_req_waiting": {
            "p(90)": 5.954644799999999,
            "p(95)": 9.39240715,
            "avg": 3.593642429023849,
            "min": 0.668037,
            "med": 2.420281,
            "max": 243.823587
        },
        "data_sent": {
            "rate": 96900.38255956049,
            "count": 2911947
        },
        "vus": {
            "value": 32,
            "min": 32,
            "max": 32
        },
        "http_req_receiving": {
            "med": 0.074196,
            "max": 5.121839,
            "p(90)": 0.1210945,
            "p(95)": 0.14144095,
            "avg": 0.08195913573125191,
            "min": 0.011172
        }
    }
}