{
    "root_group": {
        "name": "",
        "path": "",
        "id": "d41d8cd98f00b204e9800998ecf8427e",
        "groups": {},
        "checks": {
                "POST /ingest -> 201": {
                    "path": "::POST /ingest -> 201",
                    "id": "3b95b7e65ed8b7e1da4c5bf462f09f69",
                    "passes": 9431,
                    "fails": 0,
                    "name": "POST /ingest -> 201"
                },
                "GET /events -> 200": {
                    "name": "GET /events -> 200",
                    "path": "::GET /events -> 200",
                    "id": "a07abccc50af19d90a5ac770e75e9922",
                    "passes": 22278,
                    "fails": 0
                }
            }
    },
    "metrics": {
        "vus_max": {
            "value": 64,
            "min": 64,
            "max": 64
        },
        "http_req_sending": {
            "p(95)": 0.048190999999999956,
            "avg": 0.01643811580308421,
            "min": 0.004399,
            "med": 0.011893,
            "max": 1.109369,
            "p(90)": 0.029988
        },
        "http_req_duration{expected_response:true}": {
            "p(95)": 27.437463799999996,
            "avg": 10.035161708600146,
            "min": 0.586179,
            "med": 6.840075,
            "max": 488.319339,
            "p(90)": 20.8618016
        },
        "http_req_tls_handshaking": {
            "avg": 0,
            "min": 0,
            "med": 0,
            "max": 0,
            "p(90)": 0,
            "p(95)": 0
        },
        "http_req_duration": {
            "p(95)": 27.437463799999996,
            "avg": 10.035161708600146,
            "min": 0.586179,
            "med": 6.840075,
            "max": 488.319339,
            "p(90)": 20.8618016,
            "thresholds": {
                "p(95)<1000": false
            }
        },
        "http_req_receiving": {
            "avg": 0.07525813992872708,
            "min": -0.788242,
            "med": 0.068101,
            "max": 3.749387,
            "p(90)": 0.1162802,
            "p(95)": 0.1401558
        },
        "data_sent": {
            "rate": 173491.16878816966,
            "count": 5214211
        },
        "http_req_waiting": {
            "avg": 9.943465452868317,
            "min": 0.538507,
            "med": 6.747918,
            "max": 488.192613,
            "p(90)": 20.7563824,
            "p(95)": 27.346429199999996
        },
        "http_req_connecting": {
            "p(95)": 0,
            "avg": 0.014354839950802613,
            "min": 0,
            "med": 0,
            "max": 64.697812,
            "p(90)": 0
        },
        "http_req_blocked": {
            "avg": 0.020427355324987597,
            "min": 0.001273,
            "med": 0.003387,
            "max": 66.377612,
            "p(90)": 0.00518,
            "p(95)": 0.006162
        },
        "http_req_failed": {
            "passes": 0,
            "fails": 31709,
            "value": 0
        },
        "data_received": {
            "count": 217077560,
            "rate": 7222768.622536377
        },
        "checks": {
            "passes": 31709,
            "fails": 0,
            "value": 1
        },
        "http_reqs": {
            "count": 31709,
            "rate": 1055.0458105941764
        },
        "iteration_duration": {
            "avg": 60.58631578085066,
            "min": 50.843566,
            "med": 57.346451,
            "max": 605.20878,
            "p(90)": 71.4171536,
            "p(95)": 78.00121239999997
        },
        "iterations": {
            "count": 31709,
            "rate": 1055.0458105941764
        },
        "vus": {
            "value": 64,
            "min": 64,
            "max": 64
        }
    }
}