{
    "metrics": {
        "http_req_connecting": {
            "p(95)": 0,
            "avg": 0.003672390279780157,
            "min": 0,
            "med": 0,
            "max": 70.572061,
            "p(90)": 0
        },
        "http_req_tls_handshaking": {
            "p(95)": 0,
            "avg": 0,
            "min": 0,
            "med": 0,
            "max": 0,
            "p(90)": 0
        },
        "vus_max": {
            "value": 64,
            "min": 64,
            "max": 64
        },
        "http_req_duration{expected_response:true}": {
            "avg": 5.680806948149608,
            "min": 0.580129,
            "med": 3.763995,
            "max": 139.502696,
            "p(90)": 11.419915400000004,
            "p(95)": 16.411880599999996
        },
        "data_sent": {
            "count": 22488550,
            "rate": 187333.48968233727
        },
        "iterations": {
            "count": 136643,
            "rate": 1138.2596935179731
        },
        "data_received": {
            "count": 933382733,
            "rate": 7775238.714017902
        },
        "vus": {
            "value": 64,
            "min": 64,
            "max": 64
        },
        "http_req_duration": {
            "med": 3.763995,
            "max": 139.502696,
            "p(90)": 11.419915400000004,
            "p(95)": 16.411880599999996,
            "avg": 5.680806948149608,
            "min": 0.580129,
            "thresholds": {
                "p(95)<1000": false
            }
        },
        "http_req_blocked": {
            "avg": 0.0075252823635328335,
            "min": 0.001112,
            "med": 0.002985,
            "max": 71.779916,
            "p(90)": 0.004389,
            "p(95)": 0.00517
        },
        "http_reqs": {
            "rate": 1138.2596935179731,
            "count": 136643
        },
        "checks": {
            "passes": 136643,
            "fails": 0,
            "value": 1
        },
        "http_req_sending": {
            "avg": 0.014511321384922912,
            "min": 0.004128,
            "med": 0.01023,
            "max": 4.804522,
            "p(90)": 0.027073,
            "p(95)": 0.045626999999999945
        },
        "http_req_waiting": {
            "p(90)": 11.3317102,
            "p(95)": 16.324014899999998,
            "avg": 5.598671311395514,
            "min": 0.530772,
            "med": 3.68194,
            "max": 139.464411
        },
        "iteration_duration": {
            "p(95)": 66.9853273,
            "avg": 56.19839702481558,
            "min": 50.733586,
            "med": 54.276227,
            "max": 238.72775,
            "p(90)": 61.9982414
        },
        "http_req_receiving": {
            "med": 0.061826,
            "max": 3.766025,
            "p(90)": 0.10661620000000001,
            "p(95)": 0.129161,
            "avg": 0.06762431536924761,
            "min": 0.010631
        },
        "http_req_failed": {
            "passes": 0,
            "fails": 136643,
            "value": 0
        }
    },
    "root_group": {
        "name": "",
        "path": "",
        "id": "d41d8cd98f00b204e9800998ecf8427e",
        "groups": {},
        "checks": {
                "POST /ingest -> 201": {
                    "name": "POST /ingest -> 201",
                    "path": "::POST /ingest -> 201",
                    "id": "3b95b7e65ed8b7e1da4c5bf462f09f69",
                    "passes": 40856,
                    "fails": 0
                },
                "GET /events -> 200": {
                    "passes": 95787,
                    "fails": 0,
                    "name": "GET /events -> 200",
                    "path": "::GET /events -> 200",
                    "id": "a07abccc50af19d90a5ac770e75e9922"
                }
            }
    }
}