{
    "metrics": {
        "http_req_tls_handshaking": {
            "max": 0,
            "p(90)": 0,
            "p(95)": 0,
            "avg": 0,
            "min": 0,
            "med": 0
        },
        "http_req_receiving": {
            "med": 0.065547,
            "max": 14.641907,
            "p(90)": 0.11104620000000001,
            "p(95)": 0.13408819999999996,
            "avg": 0.07375172325212404,
            "min": 0.011642
        },
        "http_req_blocked": {
            "med": 0.003467,
            "max": 33.506449,
            "p(90)": 0.00484,
            "p(95)": 0.005591,
            "avg": 0.006535498030430512,
            "min": 0.001223
        },
        "http_req_failed": {
            "passes": 0,
            "fails": 107130,
            "value": 0
        },
        "http_req_duration": {
            "avg": 21.093135537561775,
            "min": 0.091397,
            "med": 14.862362000000001,
            "max": 271.453428,
            "p(90)": 46.42483260000001,
            "p(95)": 57.96900239999996,
            "thresholds": {
                "p(95)<1000": false
            }
        },
        "checks": {
            "passes": 107130,
            "fails": 0,
            "value": 1
        },
        "http_req_sending": {
            "med": 0.012414,
            "max": 2.009369,
            "p(90)": 0.027172100000000008,
            "p(95)": 0.04102,
            "avg": 0.01665923727247216,
            "min": -1.437222
        },
        "http_req_connecting": {
            "avg": 0.0022231497246336224,
            "min": 0,
            "med": 0,
            "max": 32.452715,
            "p(90)": 0,
            "p(95)": 0
        },
        "http_req_duration{expected_response:true}": {
            "med": 14.862362000000001,
            "max": 271.453428,
            "p(90)": 46.42483260000001,
            "p(95)": 57.96900239999996,
            "avg": 21.093135537561775,
            "min": 0.091397
        },
        "data_received": {
            "count": 727477954,
            "rate": 6058279.137545602
        },
        "iterations": {
            "count": 107130,
            "rate": 892.1554810515404
        },
        "iteration_duration": {
            "p(95)": 108.6869637,
            "avg": 71.69355287776453,
            "min": 50.771444,
            "med": 65.44554049999999,
            "max": 345.272917,
            "p(90)": 97.13314570000001
        },
        "http_req_waiting": {
            "max": 271.359095,
            "p(90)": 46.3205833,
            "p(95)": 57.87895234999993,
            "avg": 21.0027245770374,
            "min": 0,
            "med": 14.773552500000001
        },
        "vus": {
            "value": 64,
            "min": 64,
            "max": 64
        },
        "data_sent": {
            "count": 17626604,
            "rate": 146790.54766101937
        },
        "http_reqs": {
            "count": 107130,
            "rate": 892.1554810515404
        },
        "vus_max": {
            "max": 64,
            "value": 64,
            "min": 64
        }
    },
    "root_group": {
        "name": "",
        "path": "",
        "id": "d41d8cd98f00b204e9800998ecf8427e",
        "groups": {},
        "checks": {
                "GET /events -> 200": {
                    "path": "::GET /events -> 200",
                    "id": "a07abccc50af19d90a5ac770e75e9922",
                    "passes": 75151,
                    "fails": 0,
                    "name": "GET /events -> 200"
                },
                "POST /ingest -> 201": {
                    "name": "POST /ingest -> 201",
                    "path": "::POST /ingest -> 201",
                    "id": "3b95b7e65ed8b7e1da4c5bf462f09f69",
                    "passes": 31979,
                    "fails": 0
                }
            }
    }
}