{
    "root_group": {
        "id": "d41d8cd98f00b204e9800998ecf8427e",
        "groups": {},
        "checks": {
                "200": {
                    "passes": 49663,
                    "fails": 0,
                    "name": "200",
                    "path": "::200",
                    "id": "4230b0c1b1cb609da348fcf04ffd96f4"
                },
                "201": {
                    "name": "201",
                    "path": "::201",
                    "id": "69bd8e107d6c0f51015fe6aa7d1546ff",
                    "passes": 21114,
                    "fails": 0
                }
            },
        "name": "",
        "path": ""
    },
    "metrics": {
        "vus": {
            "max": 32,
            "value": 32,
            "min": 32
        },
        "http_req_receiving": {
            "avg": 0.08766138877036392,
            "min": -1.335619,
            "med": 0.079931,
            "max": 16.686999,
            "p(90)": 0.134593,
            "p(95)": 0.1577546
        },
        "iterations": {
            "count": 70777,
            "rate": 589.5944587393782
        },
        "http_req_sending": {
            "p(95)": 0.053385199999999966,
            "avg": 0.020397168246746554,
            "min": 0.00509,
            "med": 0.014809,
            "max": 6.625652,
            "p(90)": 0.04124800000000003
        },
        "data_sent": {
            "count": 10284053,
            "rate": 85669.36522008672
        },
        "http_req_duration{expected_response:true}": {
            "p(90)": 5.4633734,
            "p(95)": 7.5772816,
            "avg": 3.6324506408154877,
            "min": 0.041791,
            "med": 2.605203,
            "max": 197.004534
        },
        "http_req_failed": {
            "passes": 0,
            "fails": 70777,
            "value": 0
        },
        "http_reqs": {
            "count": 70777,
            "rate": 589.5944587393782
        },
        "vus_max": {
            "value": 32,
            "min": 32,
            "max": 32
        },
        "http_req_tls_handshaking": {
            "p(95)": 0,
            "avg": 0,
            "min": 0,
            "med": 0,
            "max": 0,
            "p(90)": 0
        },
        "http_req_duration": {
            "min": 0.041791,
            "med": 2.605203,
            "max": 197.004534,
            "p(90)": 5.4633734,
            "p(95)": 7.5772816,
            "avg": 3.6324506408154877,
            "thresholds": {
                "p(95)<1000": false
            }
        },
        "http_req_connecting": {
            "avg": 0.00009558824194300408,
            "min": 0,
            "med": 0,
            "max": 0.572839,
            "p(90)": 0,
            "p(95)": 0
        },
        "checks": {
            "fails": 0,
            "passes": 70777,
            "value": 1
        },
        "http_req_waiting": {
            "p(90)": 5.350897400000001,
            "p(95)": 7.449252599999998,
            "avg": 3.5243920837984457,
            "min": 0,
            "med": 2.495403,
            "max": 196.805475
        },
        "http_req_blocked": {
            "avg": 0.005360554558684358,
            "min": 0.001232,
            "med": 0.003958,
            "max": 2.485434,
            "p(90)": 0.005952,
            "p(95)": 0.006844
        },
        "data_received": {
            "count": 660012427,
            "rate": 5498109.126670081
        },
        "iteration_duration": {
            "avg": 54.24052526276905,
            "min": 51.206127,
            "med": 53.236444,
            "max": 249.897033,
            "p(90)": 56.099351399999996,
            "p(95)": 58.18689659999999
        }
    }
}