{
    "metrics": {
        "http_req_duration{expected_response:true}": {
            "avg": 38.573233849999994,
            "min": 10.059534,
            "med": 38.5223635,
            "max": 79.064415,
            "p(90)": 64.39640190000001,
            "p(95)": 68.3399334
        },
        "http_req_blocked": {
            "avg": 1.7630418499999998,
            "min": 0.006222,
            "med": 1.5020769999999999,
            "max": 3.386984,
            "p(90)": 2.9879746000000003,
            "p(95)": 3.22081665
        },
        "iterations": {
            "count": 8,
            "rate": 87.32526882292622
        },
        "http_req_waiting": {
            "min": 9.681477,
            "med": 37.880236499999995,
            "max": 78.681133,
            "p(90)": 64.0026905,
            "p(95)": 68.08795185000001,
            "avg": 38.130872800000006
        },
        "http_req_receiving": {
            "avg": 0.19462529999999997,
            "min": 0.087461,
            "med": 0.1850965,
            "max": 0.495924,
            "p(90)": 0.26725960000000004,
            "p(95)": 0.31370165000000017
        },
        "iteration_duration": {
            "p(95)": 86.583728,
            "avg": 74.754351625,
            "min": 63.037264,
            "med": 73.704842,
            "max": 87.550071,
            "p(90)": 85.617385
        },
        "http_req_connecting": {
            "max": 1.159513,
            "p(90)": 1.012189,
            "p(95)": 1.0678114,
            "avg": 0.4952580999999999,
            "min": 0,
            "med": 0.41453249999999997
        },
        "checks": {
            "passes": 20,
            "fails": 0,
            "value": 1
        },
        "data_received": {
            "count": 164879,
            "rate": 1799762.8747819064
        },
        "http_reqs": {
            "count": 20,
            "rate": 218.31317205731554
        },
        "http_req_sending": {
            "p(95)": 0.4197500000000001,
            "avg": 0.24773574999999992,
            "min": 0.024264,
            "med": 0.230152,
            "max": 0.564378,
            "p(90)": 0.40356280000000005
        },
        "http_req_failed": {
            "fails": 20,
            "passes": 0,
            "value": 0
        },
        "http_req_duration": {
            "min": 10.059534,
            "med": 38.5223635,
            "max": 79.064415,
            "p(90)": 64.39640190000001,
            "p(95)": 68.3399334,
            "avg": 38.573233849999994,
            "thresholds": {
                "p(95)<1000": false
            }
        },
        "data_sent": {
            "count": 6320,
            "rate": 68986.96237011171
        },
        "http_req_tls_handshaking": {
            "avg": 0,
            "min": 0,
            "med": 0,
            "max": 0,
            "p(90)": 0,
            "p(95)": 0
        }
    },
    "root_group": {
        "groups": {},
        "checks": {
                "GET /events -> 200": {
                    "fails": 0,
                    "name": "GET /events -> 200",
                    "path": "::GET /events -> 200",
                    "id": "a07abccc50af19d90a5ac770e75e9922",
                    "passes": 17
                },
                "POST /ingest -> 201": {
                    "passes": 3,
                    "fails": 0,
                    "name": "POST /ingest -> 201",
                    "path": "::POST /ingest -> 201",
                    "id": "3b95b7e65ed8b7e1da4c5bf462f09f69"
                }
            },
        "name": "",
        "path": "",
        "id": "d41d8cd98f00b204e9800998ecf8427e"
    }
}